{
    "ablation": {
        "imp": {
            "-source-": 0,
            "-target-": 0,
            "x1": 1.208485664793147,
            "x2": -0.20848566479314695
        },
        "order": [
            "-source-",
            "x2",
            "x1",
            "-target-"
        ],
        "perf": {
            "-source-": 47.35625221183262,
            "-target-": 3.420232613333334,
            "x1": 3.420232613333334,
            "x2": 56.516282466190475
        },
        "var": {
            "-source-": 245.88113242197798,
            "-target-": 8.294495375257991,
            "x1": 8.294495375257991,
            "x2": 821.4473113493312
        }
    },
    "fanova": {
        "imp": {
            "['x2', 'x1']": 0.5786683424015977,
            "x1": 0.16182184942414668,
            "x2": 0.2595098081742542
        },
        "order": [
            "x2",
            "x1",
            "['x2', 'x1']"
        ]
    },
    "forward-selection": {
        "imp": {
            "None": 47.00594693520911,
            "x1": 46.526772653510626,
            "x2": 21.128162817599467
        },
        "order": [
            "None",
            "x1",
            "x2"
        ]
    },
    "lpi": {
        "imp": {
            "x1": 0.552058117688113,
            "x2": 0.447941882311887
        },
        "order": [
            "x2",
            "x1"
        ]
    }
}